port,country
77,USA
81,BEL
229,DEU
181,USA
122,USA
218,NLD
223,USA
259,GBR
36,USA
175,FRA
185,USA
190,USA
241,USA
187,USA
172,MEX
103,BHS
69,MEX
13,USA
29,USA
134,PAN
262,CAN
231,GBR
91,GBR
220,USA
189,DEU
57,GTM
152,CAN
171,DOM
213,PAN
228,USA
126,COL
115,USA
250,USA
209,USA
30,GBR
191,CAN
14,ITA
186,ITA
113,ESP
63,PRT
11,ITA
243,ITA
194,ESP
129,ITA
116,ESP
235,ITA
176,MLT
76,FRA
232,ISR
252,TUR
153,GRC
141,ISR
196,TUR
87,ESP
151,USA
258,MEX
159,ITA
188,ITA
222,MAR
43,PAN
146,PRT
136,TUR
124,TUR
64,TUR
211,EGY
238,TUR
149,ESP
202,ESP
123,BMU
163,USA
10,USA
166,CAN
34,CAN
132,DNK
98,ISL
224,ISL
90,FRO
197,ISL
135,ISL
93,GBR
263,NLD
164,ISL
125,ISL
74,ISL
240,FRO
234,GBR
99,SWE
139,NOR
56,POL
257,CAN
71,CAN
217,USA
89,SWE
206,DEU
254,GRL
154,GRL
46,GRL
31,GRL
59,GRL
255,GRL
203,GRL
208,GRL
219,DNK
44,GRL
24,GRL
58,GRL
17,PRT
193,PRT
145,PRT
260,PRT
42,PRT
251,CPV
266,CPV
94,MRT
204,ESP
245,MRT
6,CPV
133,JPN
48,JPN
143,USA
117,USA
51,KOR
173,CHN
104,CHN
38,CHN
177,CAN
16,CHN
27,CHN
167,CHN
178,CHN
174,CHN
207,CHN
198,CHN
55,USA
102,CHN
95,JPN
201,VNM
112,CHN
230,CHN
246,JPN
142,JPN
97,JPN
65,JPN
84,JPN
79,IND
226,THA
105,LKA
21,IND
147,CHN
261,KOR
8,SGP
52,ARE
182,USA
7,JPN
216,GUM
28,USA
205,JAM
183,RUS
20,KOR
23,CAN
83,USA
111,JPN
54,USA
106,JPN
199,MEX
221,OMN
118,PAN
244,CHN
119,MYS
72,MYS
18,SWE
100,DEU
168,POL
19,FRA
32,ARE
131,BEL
121,SAU
249,IDN
101,EGY
70,LBN
265,SAU
210,TUR
78,UKR
137,ROU
12,EGY
155,ITA
239,ITA
96,HRV
256,SVN
227,IRN
233,PAK
68,IND
3,JOR
120,UKR
47,IND
60,RUS
148,TUR
248,SAU
66,SAU
67,ARE
130,DJI
62,OMN
169,QAT
1,ESP
15,FRA
37,PAK
236,IND
212,IND
109,IND
35,IRQ
215,CHN
40,IND
138,PHL
61,IND
170,MYS
80,JPN
41,PAK
110,VNM
127,KOR
75,BHR
200,MMR
85,SDN
253,EGY
107,YEM
237,KWT
25,ARE
156,KWT
22,IRN
192,IRN
162,IRN
4,IND
179,IND
214,YEM
158,SOM
114,ERI
264,QAT
242,IRQ
92,IRQ
49,ARE
108,ARE
5,IRN
128,YEM
